{
    "counter": {
        "ACTIVE": 11581,
        "INACTIVE": 9419,
        "INVALID": 0,
        "MALICIOUS": 0,
        "SANE": 0,
        "VALID": 0,
        "total": 21000
    },
    "percentage": {
        "ACTIVE": 55.147619047619045,
        "INACTIVE": 44.90798131019357,
        "INVALID": 0,
        "MALICIOUS": 0,
        "SANE": 0,
        "VALID": 0,
        "total": 100.05560035781261
    }
}