{
    "counter": {
        "ACTIVE": 19261,
        "INACTIVE": 1739,
        "INVALID": 0,
        "MALICIOUS": 0,
        "SANE": 0,
        "VALID": 0,
        "total": 21000
    },
    "percentage": {
        "ACTIVE": 91.71904761904761,
        "INACTIVE": 8.284502882187605,
        "INVALID": 0,
        "MALICIOUS": 0,
        "SANE": 0,
        "VALID": 0,
        "total": 100.00355050123522
    }
}