{
    "counter": {
        "ACTIVE": 18547,
        "INACTIVE": 2453,
        "INVALID": 0,
        "MALICIOUS": 0,
        "SANE": 0,
        "VALID": 0,
        "total": 21000
    },
    "percentage": {
        "ACTIVE": 88.31904761904762,
        "INACTIVE": 11.687074181714232,
        "INVALID": 0,
        "MALICIOUS": 0,
        "SANE": 0,
        "VALID": 0,
        "total": 100.00612180076186
    }
}