{
    "counter": {
        "ACTIVE": 20446,
        "INACTIVE": 554,
        "INVALID": 0,
        "MALICIOUS": 0,
        "SANE": 0,
        "VALID": 0,
        "total": 21000
    },
    "percentage": {
        "ACTIVE": 97.36190476190477,
        "INACTIVE": 2.6387235055965705,
        "INVALID": 0,
        "MALICIOUS": 0,
        "SANE": 0,
        "VALID": 0,
        "total": 100.00062826750134
    }
}