{
    "counter": {
        "ACTIVE": 18820,
        "INACTIVE": 2180,
        "INVALID": 0,
        "MALICIOUS": 0,
        "SANE": 0,
        "VALID": 0,
        "total": 21000
    },
    "percentage": {
        "ACTIVE": 89.61904761904762,
        "INACTIVE": 10.385403268067266,
        "INVALID": 0,
        "MALICIOUS": 0,
        "SANE": 0,
        "VALID": 0,
        "total": 100.00445088711488
    }
}