{
    "counter": {
        "ACTIVE": 16616,
        "INACTIVE": 4384,
        "INVALID": 0,
        "MALICIOUS": 0,
        "SANE": 0,
        "VALID": 0,
        "total": 21000
    },
    "percentage": {
        "ACTIVE": 79.12380952380953,
        "INACTIVE": 20.879173215221222,
        "INVALID": 0,
        "MALICIOUS": 0,
        "SANE": 0,
        "VALID": 0,
        "total": 100.00298273903076
    }
}