{
    "counter": {
        "ACTIVE": 16437,
        "INACTIVE": 4563,
        "INVALID": 0,
        "MALICIOUS": 0,
        "SANE": 0,
        "VALID": 0,
        "total": 21000
    },
    "percentage": {
        "ACTIVE": 78.27142857142857,
        "INACTIVE": 21.728571428571428,
        "INVALID": 0.0,
        "MALICIOUS": 0.0,
        "SANE": 0.0,
        "VALID": 0.0,
        "total": 100.0
    }
}