{
    "counter": {
        "ACTIVE": 18923,
        "INACTIVE": 2077,
        "INVALID": 0,
        "MALICIOUS": 0,
        "SANE": 0,
        "VALID": 0,
        "total": 21000
    },
    "percentage": {
        "ACTIVE": 90.10952380952381,
        "INACTIVE": 9.894716783383355,
        "INVALID": 0,
        "MALICIOUS": 0,
        "SANE": 0,
        "VALID": 0,
        "total": 100.00424059290717
    }
}