{
    "counter": {
        "ACTIVE": 19073,
        "INACTIVE": 1927,
        "INVALID": 0,
        "MALICIOUS": 0,
        "SANE": 0,
        "VALID": 0,
        "total": 21000
    },
    "percentage": {
        "ACTIVE": 90.82380952380953,
        "INACTIVE": 9.180124815397075,
        "INVALID": 0,
        "MALICIOUS": 0,
        "SANE": 0,
        "VALID": 0,
        "total": 100.00393433920661
    }
}