{
    "counter": {
        "ACTIVE": 17072,
        "INACTIVE": 3928,
        "INVALID": 0,
        "MALICIOUS": 0,
        "SANE": 0,
        "VALID": 0,
        "total": 21000
    },
    "percentage": {
        "ACTIVE": 81.29523809523809,
        "INACTIVE": 18.704761904761906,
        "INVALID": 0.0,
        "MALICIOUS": 0.0,
        "SANE": 0.0,
        "VALID": 0.0,
        "total": 100.0
    }
}