{
    "counter": {
        "ACTIVE": 18612,
        "INACTIVE": 2388,
        "INVALID": 0,
        "MALICIOUS": 0,
        "SANE": 0,
        "VALID": 0,
        "total": 21000
    },
    "percentage": {
        "ACTIVE": 88.62857142857143,
        "INACTIVE": 11.376304130341575,
        "INVALID": 0,
        "MALICIOUS": 0,
        "SANE": 0,
        "VALID": 0,
        "total": 100.00487555891301
    }
}